Messages,gen_label
Take steps to secure your wallet. Enable two-factor authentication (2FA) for an added layer of protection. Protect your crypto assets and stay in control of your finances.,1
"""Welcome to NFTCollective, the social network dedicated to all things NFT. Connect with fellow collectors, artists, and enthusiasts in an engaging community-driven space. Showcase your collections, engage in discussions, and collaborate on groundbreaking projects. Embrace the power of the collective and shape the future of NFTs together.""",1
"Experience the future of music streaming! Our decentralized platform connects artists directly with fans, ensuring fair compensation and creative freedom. Discover new talents, support your favorite artists, and groove to a decentralized beat. Get in tune at [Platform URL]. #DecentralizedMusic #StreamingRevolution",0
"""Experience seamless trading with TrustSwap's one-click functionality. Buy, sell, and swap tokens with ease, all within the convenience of your TrustSwap account.""",1
"""Immerse yourself in the world of NFT collateral with Aavegotchi. Participate in a new dimension of lending and borrowing by leveraging unique NFT assets.""",1
"Empower freelancers with blockchain technology! Our platform connects clients directly with talented freelancers, ensuring fair payments, dispute resolution, and reputation tracking. Join the gig economy revolution and unlock your potential at [Platform URL]. #DecentralizedFreelancing #WorkSmart",0
"""Join the TrustSwap community celebration! Complete your profile and earn a special badge as a testament to your commitment to the decentralized future.""",1
"""Welcome to Aave! Step into the world of decentralized lending and borrowing. Verify your account to unlock the power of borderless finance.""",1
"Secure your conversations and protect your privacy with our decentralized messaging app. Take advantage of end-to-end encryption, self-destructing messages, and enhanced privacy features. Chat with confidence!",1
"""Congratulations on your recent lending transaction via Compound! Explore the world of decentralized finance and earn interest on your assets with Aave.""",1
"""Account security reminder: Protect your EtherSecure wallet with regular backups and stay vigilant against phishing attempts. Keep your assets safe and secure at all times.""",1
"""Make an impact! Participate in TrustSwap's community surveys and help shape the future of token swaps and decentralized finance. Your feedback matters.""",1
"""Referral rewards await you! Invite your friends to Coinify, and for each successful referral, you'll earn a percentage of their trading fees as a thank you for spreading the word.""",0
"""Secure your account now! Activate two-factor authentication (2FA) and never worry about unauthorized access to your BitTrade funds. Your security is our top priority.""",0
"""Congratulations! You've been selected for early access to YieldGenius, the ultimate yield optimization platform. Seamlessly navigate the decentralized finance landscape, explore the most lucrative yield farming opportunities, and automate your strategies with our smart contract-based algorithms. Supercharge your returns, amplify your portfolio growth, and unleash the genius within your DeFi investments.""",1
"""Hooray! Your recent Bitcoin purchase is complete. To delve deeper into the transaction details and monitor the market, log in to your CoinSpark account and explore the 'My Trades' section.""",0
"Connect with like-minded individuals, share your passions, and foster meaningful conversations on our censorship-resistant social network. Join the community and let your voice be heard. Embrace freedom of expression today! #DecentralizedSocial #CommunityEngagement",0
"""Maximize the potential of your crypto assets with TrustSwap's liquidity pools. Provide liquidity, earn fees, and contribute to the thriving decentralized finance ecosystem.""",1
"""Account security matters. Strengthen your BitTrade account with a robust password and enable additional security measures to keep your digital assets safe.""",0
"""Welcome to CryptoPro! Get ready to embark on a transformative journey into the realm of digital assets. Verify your email to unlock a world of limitless possibilities.""",0
"""Attention: Elevate your trading experience by completing the identity verification process. Unlock higher transaction limits and gain access to advanced trading features on CryptoPro.""",0
"""Congratulations on becoming a verified influencer on SociaMedia! Monetize your social media presence, connect with brands, and earn rewards for your influence. Start influencing now.""",1
"""Important update: New cryptocurrencies have been added to Coinbase. Explore the latest additions now!""",1
"Message from a decentralized storage solution: ""Securely store your digital files with our decentralized storage solution. Enjoy enhanced privacy, distributed redundancy, and control over your data. Say goodbye to data breaches and centralized storage vulnerabilities. #DecentralizedStorage #DataSecurity""",0
"""Withdrawal successful! Your funds have been securely transferred to your designated external wallet. Check the transaction details and continue exploring the world of decentralized finance with TrustSwap.""",1
"""Account security reminder: Protect your Aave account with a strong password and enable two-factor authentication (2FA) for enhanced security.""",1
"""To expand your account limits and unlock advanced features, please provide us with the necessary identity verification documents. This will enhance your trading experience on CoinSpark.""",0
"""Calling all artists: Submit your NFT artwork to be featured in our upcoming gallery showcase. Showcase your talent to a global audience!""",0
"""Attention: Elevate your MetaWallet experience by completing the identity verification process. Unlock higher transaction limits and enjoy advanced wallet features.""",0
"""Unlock premium features: Upgrade to Coinbase Pro for advanced trading tools and lower fees.""",1
"""Welcome to TokenFusion, the platform revolutionizing asset tokenization. Unlock liquidity, fractional ownership, and global accessibility for traditionally illiquid assets. Empower investors, democratize investments, and reshape the financial landscape. Tokenize your assets and open up new opportunities in the web3 economy.""",1
Your voice matters. Participate in our decentralized voting platform and contribute to important decisions. Help shape the future of our community by casting your vote on key proposals. Empower yourself and be an active participant in the governance process. #DecentralizedVoting #CommunityEngagement,0
"""Your withdrawal request has been processed. Check your external wallet for the outgoing transaction.""",1
"""Attention developers: Build on OpenSea and create your own NFT marketplace using our robust API.""",0
"""Attention developers! Join DAppEngine, the all-in-one platform for building, testing, and deploying decentralized applications. Our intuitive IDE, comprehensive smart contract libraries, and robust deployment infrastructure will streamline your development process and empower you to bring your innovative ideas to life in the web3 space. Unleash your coding genius today.""",1
"""Attention: Supercharge your lending power on DeFiLoan! Unlock higher borrowing limits and reduced interest rates by participating in our staking program. Grow your lending potential now!""",1
"Empower yourself with our blockchain-based healthcare platform. Take control of your health records, access telemedicine services, and gain valuable insights for better well-being. Prioritize your health today!",1
"""Knowledge is power. Empower yourself with our educational resources on blockchain technology, cryptocurrencies, and investment strategies. Take the first step toward becoming a crypto expert.""",0
"Create impact through decentralized giving! Our platform connects donors with verified charitable projects, ensuring transparency and efficiency in philanthropy. Make a meaningful difference today. Visit [Platform URL] and be part of the change. #DecentralizedCharity #GivingBack",0
"Revolutionize healthcare with blockchain! Our platform securely stores medical records, facilitates telemedicine, and incentivizes data sharing for research. Empower yourself with control over your health data. Join the healthcare revolution at [Platform URL]. #Healthcare #BlockchainInMedicine",0
"""Attention: Supercharge your MetaWallet experience by staking our native token. Unlock discounted fees, enhanced rewards, and VIP privileges within the MetaWallet ecosystem.""",0
"Trace the origins of products and ensure transparency in supply chains with our blockchain-based platform. Empower consumers, support ethical practices, and contribute to a more sustainable future. Shop with integrity!",1
"""Scheduled platform maintenance: CryptoXchange will undergo essential updates and improvements to enhance your trading experience. Expect temporary service disruptions during this time.""",0
"""Attention: Upgrade your wallet security with TrustGuard! Safeguard your private keys and assets with our cutting-edge hardware wallet. Protect your crypto now!""",1
"Step into a new reality with our decentralized virtual reality platform. Explore immersive worlds, connect with others, and unlock thrilling experiences. Let your imagination run wild!",1
"""Attention gamers: Explore our dedicated gaming section and collect NFTs from your favorite games.""",0
"""Attention: Elevate your trading experience with TradeGenix Pro, the most advanced algorithmic trading platform for web3. Leverage cutting-edge AI and machine learning technologies to optimize your trading strategies, uncover hidden patterns, and maximize your profit potential in the dynamic world of decentralized markets. Trade like a pro and leave no opportunity unexplored.""",1
"Elevate your sports experience with blockchain! Our platform enables tokenized fan engagement, collectible memorabilia, and peer-to-peer sports betting. Join the revolution of fan-powered sports at [Platform URL]. #DecentralizedSports #FanEngagement",0
"""Participate in our community surveys and help shape the future of CryptoXchange. Your valuable feedback will contribute to the development of new features and services.""",0
"""Attention: Amplify your influence with SocioConnect, the world's premier influencer network on the blockchain. Connect with leading brands, access cutting-edge marketing campaigns, and earn rewards for your authentic influence. Unleash your potential, forge meaningful partnerships, and shape the digital landscape through your unique voice.""",1
"""Attention developers! Join SmartContractLab and unlock the true potential of smart contracts. Leverage our cutting-edge development tools, comprehensive libraries, and community support to build, test, and deploy scalable and secure decentralized applications. Revolutionize the way transactions are executed and reshape industries with smart contracts.""",1
"Exciting news! Our decentralized lending protocol is now live, offering you the opportunity to earn interest on your crypto holdings. Put your assets to work and enjoy competitive rates in a secure and transparent environment. Start earning today by visiting [Platform URL]. #DeFi #Crypto",0
"""Celebrate with us! You've reached a new milestone in your Coinbase account. Claim your exclusive reward.""",1
"We saw that you're interested in Web3, and we wanted to reach out. We're a team of developers working on a new project that we think you'd be interested in Our project is a decentralized social media platform that's built on blockchain technology. This means that your data is secure and you own your own content. We're still in the early stages, but we'd love to get your feedback. If you're interested, check out our website and sign up for our newsletter.",1
"Empower artists and collectors with blockchain! Our marketplace enables artists to sell their creations directly to global collectors, while ensuring provenance and authenticity. Discover unique artworks and be part of the decentralized art movement. Visit [Marketplace URL] now. #ArtOnBlockchain #Collectibles",0
"""Attention: Protect your DODO account by regularly updating your password and enabling two-factor authentication (2FA). Enhance the security of your funds and trading activities in the decentralized exchange.""",1
"""Attention: Join our exclusive AMA session with industry experts. Gain valuable insights, ask burning questions, and expand your DeFi knowledge with Aave.""",1
"üéÆ Level up your gaming experience! Our blockchain-based gaming platform brings you the future of gaming, where ownership and rewards are in your hands. Immerse yourself in a world of play-to-earn opportunities, trade virtual assets securely, and compete in thrilling tournaments. Get in on the action and become a part of our gaming community: [Platform URL] üöÄ #BlockchainGaming #PlayToEarn",0
"""Join the MetaWallet community celebration! Complete your profile and earn a special badge as a token of your commitment to the decentralized revolution.""",0
"""Warning: Your Ethereum wallet balance is running low. We recommend making a deposit soon to ensure uninterrupted access to the world of decentralized applications and smart contracts.""",0
"Ensure transparency and trust in the democratic process with our blockchain-based voting system. Participate in elections, verify votes, and contribute to a fairer democratic society. Your vote counts!",1
"""Attention traders: We are launching a new trading competition with exciting rewards. Join now!""",1
"""Get early access to promising blockchain projects with TrustSwap Launchpad. Discover innovative token sales and secure your position in the next big crypto revolution.""",1
"""Experience lightning-fast trading with CryptoPro's one-click trading feature. Save time and effort by setting up quick buy/sell options for your preferred cryptocurrencies.""",0
"Maximize the earning potential of your crypto assets with our decentralized finance (DeFi) protocol. Earn passive income, provide liquidity, or participate in yield farming. Put your crypto to work and unlock financial opportunities. Start your DeFi journey today! #DeFi #EarnWithCrypto",0
"""Expand your knowledge: Dive into our comprehensive educational resources, tutorials, and guides. Master the intricacies of blockchain technology and become a confident crypto investor.""",0
"""Secure your account on Chainlink by enabling login notifications. Receive instant alerts whenever a login attempt is made, allowing you to take immediate action and ensure the security of your account.""",1
Take control of your digital identity and protect your personal information. Enable two-factor authentication (2FA) on your account today for an added layer of security. Safeguard your online presence and enjoy peace of mind. #DecentralizedIdentity #SecureYourAccount,0
Predict the future and earn rewards! Our decentralized prediction market allows you to bet on outcomes across various industries. Harness the wisdom of the crowd and turn your insights into profit. Start forecasting now at [Platform URL]. #PredictionMarket #CryptoTrading,0
"""Attention: Upgrade your password on Coinbase to a strong and unique combination of characters, numbers, and symbols. Strengthen the security of your account and maintain control over your valuable digital assets.""",1
"""Secure your account: Set up a strong password and regularly update it to protect your assets.""",1
"Empower yourself with a decentralized healthcare platform that prioritizes your privacy and security. Take charge of your health records, access telemedicine services, and benefit from data-driven insights. Your well-being, your control. #BlockchainHealthcare #PatientEmpowerment",0
"""Congratulations! Your NFT collection has been chosen for a featured spotlight on OpenSea's homepage.""",0
"""Secure your account on Axie Infinity by regularly reviewing and updating your privacy settings. Control your personal information and ensure the highest level of privacy and security.""",1
"""Get ready for the future of finance! Join our upcoming webinar on decentralized banking and DeFi.""",1
"""Learn more about blockchain technology with our educational resources. Start your crypto journey today!""",1
"""Early access: Be among the first to try OpenSea's upcoming decentralized autonomous organization (DAO) governance features",0
"""Discover the next big thing in crypto! Explore our hand-picked selection of upcoming Initial Coin Offerings (ICOs) and secure your spot in promising projects before they launch.""",0
"""Account recovery reminder: Ensure you have safely stored your backup phrase or recovery code. These critical security measures will help you regain access to your CryptoPro account, if ever needed.""",0
"""Join the revolution of digital ownership! Learn about the power of NFTs in our educational series.""",0
"""Congratulations on joining the decentralized derivatives platform Perpetual Protocol! Verify your email address to ensure the safety of your account and stay up to date with the latest platform developments.""",1
"""Expand your crypto knowledge with Aave Academy. Access comprehensive educational resources, tutorials, and expert insights to become a DeFi expert.""",1
"""Experience seamless lending with Aave's user-friendly interface. Easily lend and borrow cryptocurrencies with just a few clicks on the Aave platform.""",1
"""Account security alert: Unrecognized login attempt detected on your MetaWallet. Verify this activity immediately to ensure the safety of your funds.""",0
"""Unlock the power of NFTs! Explore our marketplace and discover unique digital assets, collectibles, and digital art that can be securely stored in your CryptoXchange wallet.""",0
"""Attention: Join the staking revolution with StakeMasterX. Stake your tokens, earn passive income, and secure the networks of your favorite cryptocurrencies. With our user-friendly platform, you can maximize your rewards, contribute to blockchain security, and actively participate in the decentralized consensus process. Start staking like a master today.""",1
"""Exciting news: OpenSea is partnering with renowned artists for a limited edition NFT collection. Stay tuned!""",0
"""Congratulations on your recent lending transaction via Compound! Explore the world of decentralized finance and earn interest on your assets with Aave.""",1
Secure your assets and protect your funds. Enable two-factor authentication (2FA) on your account to add an extra layer of security. Safeguard your wallet and trade with peace of mind.,1
"""Stay ahead of the market with real-time analytics on Aave. Access comprehensive charts, data insights, and advanced tools for informed decision-making.""",1
"""OpenSea Mobile App is here! Buy, sell, and manage your NFTs on the go, anytime, anywhere.""",0
"""Congratulations on joining the decentralized lending platform Alpha Finance! Secure your account by regularly reviewing and updating your privacy settings. Protect your funds and lending activities.""",1
"""Calling all lenders and borrowers! Participate in Aave's lending competition and showcase your skills to win exclusive rewards. Let your expertise shine!""",1
"""Secure your Aave account with state-of-the-art encryption and multi-factor authentication. Rest assured that your digital assets are protected by industry-leading security measures.""",1
"""Your withdrawal request has been successfully processed. Please check your designated external wallet to view the outgoing transaction. As always, feel free to contact our support team for assistance.""",0
"""Unlock rewards for spreading the word! Join our referral program and earn generous commissions for every successful referral to CryptoPro.""",0
"""Don't forget to enable price alerts! Stay updated on market fluctuations for your favorite cryptocurrencies.""",1
"""Experience the future of decentralized commerce with EtherMarketplace. Our innovative marketplace connects buyers and sellers, allowing seamless transactions and fostering trust through smart contracts. Discover a vast array of unique goods, digital assets, and services from around the world. Embrace the decentralized economy and unlock new possibilities today.""",1
"""Important update: OpenSea is now accepting additional cryptocurrencies for seamless NFT purchases.""",0
"Secure your event tickets hassle-free. Purchase, transfer, and manage tickets on our decentralized ticketing platform. Enjoy unforgettable experiences, one ticket at a time.",1
"""Introducing OpenSea Pro: Unlock advanced trading tools, analytics, and exclusive benefits with our premium membership.""",0
"""Stay ahead of the curve with our real-time market insights. Dive into advanced charts, technical analysis tools, and comprehensive data to make informed trading decisions.""",0
"""Welcome to EtherBets! Place your bets on decentralized prediction markets and earn rewards for accurate predictions. Start betting on the future now.""",1
Ensure transparency in supply chains. Track and verify the origins of products on our blockchain-based platform. Support ethical sourcing and make informed purchasing decisions.,1
"""Congratulations on your recent Bitcoin acquisition! Explore the thriving cryptocurrency market and keep a close eye on your trades within your CryptoPro account.""",0
"""Attention investors: OpenSea is launching an NFT index fund. Diversify your holdings with a single investment.""",0
"""Curate your digital gallery: Create and share your own NFT collections to showcase your unique taste.""",0
"""Account activity notification: We've detected a login attempt from an unrecognized device. Verify this activity to ensure your account's safety and prevent unauthorized access.""",0
"""Referral rewards are waiting for you! Invite your friends to BitTrade and earn a percentage of their trading fees as a thank you for growing our community together.""",0
Ensure the security of your transactions. Enable two-factor authentication (2FA) for your account to protect against unauthorized access. Safeguard your payments and embrace secure transactions.,1
"""Attention: Elevate your TrustSwap experience by completing the identity verification process. Gain access to advanced features and higher trading limits.""",1
"""Attention: Secure your MetaMask account with two-factor authentication (2FA) to add an extra layer of protection to your digital assets. Enable 2FA today and ensure the utmost security for your transactions on the decentralized web.""",1
"""Warning: Your Ethereum wallet balance is running low. Top up your CryptoPro account to ensure uninterrupted access to the decentralized world of blockchain applications.""",0
"""Congratulations on your successful staking! Start earning passive income by participating in our staking program.""",1
"""Discover the power of DeFi with MetaWallet. Stake your digital assets, participate in yield farming, and earn attractive rewards in the world of decentralized finance.""",0
"""Attention: Engage directly with industry experts in our upcoming AMA session. Gain exclusive insights, ask burning questions, and expand your crypto knowledge with MetaWallet.""",0
"""Attention: Enable withdrawal confirmation on your Huobi account to add an extra layer of protection to your funds. Confirm your withdrawals via email or SMS and prevent unauthorized transactions.""",1
"""Congratulations! You have been upgraded to Aave Pro, unlocking exclusive benefits, priority customer support, and advanced features for an enhanced experience.""",1
"""Calling all artists! Showcase your unique creations on NFTGallery and reach a global audience. Start monetizing your art and connecting with art enthusiasts today.""",1
"""Great news! Connect your BitTrade account to your preferred payment gateway, including Apple Pay and Google Pay, for fast and convenient crypto purchases.""",0
"""Withdrawal successful! Your funds have been securely transferred to your designated external wallet. Check the transaction details and continue exploring the vast crypto landscape.""",0
"""Congratulations on completing your first trade on BitTrade! Analyze charts, set personalized alerts, and access comprehensive trade history to fine-tune your strategy.""",0
"""Attention developers! Join the ChainGenius Developer Program and gain access to cutting-edge tools, resources, and APIs to build the next generation of blockchain applications. Collaborate with a global community of innovators, leverage our developer-friendly infrastructure, and unleash your genius in shaping the decentralized future.""",1
"""Welcome to Compound Finance! Enable transaction alerts to receive notifications about your account activities. Stay informed, detect any unusual transactions, and maintain control over your lending and borrowing activities.""",1
"Secure your conversations and protect your privacy with our decentralized messaging app. Say goodbye to centralized surveillance and enjoy end-to-end encrypted communication. Connect with friends, family, and colleagues in a safe digital space. #DecentralizedMessaging #PrivacyFirst",0
"""Welcome to CryptoXchange! Get ready to embark on a thrilling journey into the world of digital assets. Verify your email and unlock a world of endless possibilities.""",0
"""Attention creators: Showcase your artwork to a global audience. Mint and list your NFTs on OpenSea today.""",0
"""Account security alert: We have detected a suspicious login attempt on your Aave account. Verify this activity promptly to protect your funds and personal information.""",1
"""Important account notification: Our system has detected an unrecognized login attempt. Verify this activity promptly to ensure the safety of your CryptoPro assets.""",0
"""Never miss a trading opportunity! Set customized price alerts for your favorite cryptocurrencies and receive instant notifications on your MetaWallet.""",0
"""Never miss a lending opportunity! Set personalized alerts for interest rate changes on Aave and receive instant notifications to optimize your strategy.""",1
"Safeguard your digital assets with our decentralized storage solution. Enjoy enhanced security, privacy, and control over your data. Protect your valuable files and ensure peace of mind!",1
"""Important notice: Scheduled maintenance on our platform will occur this weekend. Expect temporary downtime.""",1
"Be part of the decision-making process. Engage in governance discussions, vote on proposals, and shape the future of our decentralized community. Your voice matters!",1
"""Congratulations! Your CryptoPro account has been upgraded to VIP status. Enjoy exclusive benefits, priority customer support, and personalized assistance to enhance your trading journey.""",0
Take control of your digital identity! Our blockchain-based platform ensures privacy and security while giving you full ownership of your personal data. Say goodbye to centralized control and join the self-sovereign identity movement. Discover more at [Platform URL]. #DigitalIdentity #Blockchain,0
"""Congratulations on joining Uniswap! To further protect your account, enable IP whitelisting and ensure that only authorized devices can access your wallet. Safeguard your assets with advanced security measures.""",1
"""Never miss a lending opportunity! Set personalized alerts for interest rate changes on Aave and receive instant notifications to optimize your strategy.""",1
"""Attention: Unlock advanced features and higher borrowing limits by completing the identity verification process on your Aave account.""",1
"""Limited edition drop: Join the waitlist for an exclusive NFT release from a renowned celebrity artist.""",0
"""Stay connected with the OpenSea community! Join our Discord channel and engage in discussions with fellow NFT enthusiasts.""",0
"""Attention: Protect your assets with enhanced security features. Enable two-factor authentication (2FA) and consider using a hardware wallet for an added layer of protection against potential threats.""",0
"""Exciting news! Connect your EtherPay account to MoonPay for quick and secure fiat-to-crypto transactions. Start buying your favorite cryptocurrencies with ease today.""",1
"""Stay ahead of the curve with our weekly newsletter. Subscribe now to receive the latest industry news, market insights, and exclusive offers, straight to your inbox.""",0
"""Never miss a trading opportunity! Set personalized price alerts for your favorite cryptocurrencies and receive instant notifications on your TrustSwap account.""",1
"Track every step of your supply chain on the blockchain! Our platform provides transparent and immutable records, ensuring accountability and efficiency. Streamline your operations and build trust with customers. Explore the future of supply chain at [Platform URL]. #Blockchain #SupplyChain",0
"""Account security alert: We have detected a suspicious login attempt on your Aave account. Take immediate action to secure your account and prevent unauthorized access.""",1
"""You've received a cryptocurrency payment! Check your Coinbase wallet for the incoming transaction.""",1
"Explore exciting real estate opportunities on our blockchain platform. Buy, sell, or invest in properties worldwide. Unlock the potential of decentralized property ownership.",1
"Fuel innovation and support groundbreaking projects on our decentralized crowdfunding platform. Be part of the change by contributing to ideas that have the potential to shape the future. Together, let's bring visions to life. #DecentralizedCrowdfunding #InnovationSupport",0
"""Account security reminder: Protect your TrustSwap account with a strong password and enable two-factor authentication (2FA) for added protection against unauthorized access.""",1
"""Get insider tips: Join our educational webinars and learn from NFT veterans on how to navigate the market.""",0
"""Congratulations on joining the unstoppable decentralized exchange 1inch! Secure your account by enabling biometric authentication and enjoy convenient and secure access to the world of DeFi.""",1
"""Immerse yourself in the world of NFTs with MetaWallet's NFT marketplace. Discover and collect unique digital assets that can be securely stored in your wallet.""",0
"""Welcome to BlockBank! Enjoy seamless banking services powered by blockchain technology. Open your account now and access decentralized finance at your fingertips.""",1
"""Exciting news! You can now link your PayPal account to CryptoXchange, making it even easier to buy and sell cryptocurrencies using your preferred payment method.""",0
"""Account security reminder: Protect your Aave account with a strong password and enable two-factor authentication (2FA) for enhanced security.""",1
"""Attention collectors: We're launching a community event where you can trade NFTs and win exclusive rewards. Participate now!""",0
"""Enhance your security with CryptoVault! Store your digital assets with military-grade encryption and biometric authentication. Take control of your crypto journey now.""",1
"""Experience the thrill of live auctions! Bid on rare NFTs and engage in exciting bidding wars with fellow enthusiasts.""",0
"""Congratulations on joining the decentralized identity platform Civic! Verify your mobile number to strengthen the security of your account and protect your digital identity.""",1
"""Scheduled maintenance notice: MetaWallet will undergo system upgrades to enhance performance and introduce exciting features. Temporary service interruptions may occur during this period.""",0
"""Limited time offer: Earn bonus rewards for every friend you refer to Coinbase. Start inviting now!""",1
"""Great news! You have received a cryptocurrency deposit in your Aave wallet. Check your balance and transaction history to monitor your digital assets.""",1
"""Welcome to Coinbase! Verify your email address to start trading cryptocurrencies.""",1
"""Your favorite creator just dropped a new NFT collection. Hurry and secure your piece before they sell out!""",0
"""Don't miss out on market opportunities! Set up custom price alerts for your favorite cryptocurrencies and receive instant notifications when they reach your desired levels.""",0
"""Secure your MetaWallet account with advanced encryption and biometric authentication. Rest assured that your digital assets are protected with industry-leading security measures.""",0
"""Important: Update your account security settings to enable two-factor authentication.""",1
"""Expand your crypto knowledge with Aave Academy. Access comprehensive educational resources, tutorials, and expert insights to become a DeFi expert.""",1
"""Don't miss out on the latest token sale! Participate in our exclusive ICO and secure your early investment.""",1
"""Great news! You've received a cryptocurrency payment. The funds have been securely deposited into your Coinify wallet. Check your account balance and transaction history for more details.""",0
"""Attention: To maximize your trading potential, complete the identity verification process to unlock higher transaction limits and access advanced trading features.""",0
"""Exciting news! Connect your CryptoPro account to your preferred payment gateway and enjoy seamless transactions with enhanced convenience.""",0
"""Account security alert: Suspicious login attempt detected on your TrustSwap account. Verify this activity promptly to safeguard your funds and personal information.""",1
"""Congratulations on unlocking exclusive membership with NFTClub! Gain access to premium NFT drops, limited editions, and VIP events. Elevate your NFT collection now.""",1
"""Account security alert: We have detected a suspicious login attempt on your Aave account. Take immediate action to secure your account and prevent unauthorized access.""",1
"""Account recovery reminder: Safely store your MetaWallet recovery phrase or backup code. These critical security measures will help you regain access to your account if needed.""",0
"""Congratulations on your successful fundraising campaign on TokenStart! Continue to grow your project by leveraging our community, resources, and strategic partnerships. Start raising funds now!""",1
"""Account security reminder: Protect your MetaWallet with a strong password and enable two-factor authentication (2FA) for an added layer of account protection.""",0
"""Attention crypto enthusiasts! Join our online community and engage with like-minded individuals.""",1
"""Welcome to TrustSwap! Step into the world of secure and seamless token swaps. Verify your account to unlock a universe of decentralized trading possibilities.""",1
"""Attention: Join our exclusive AMA (Ask Me Anything) session with renowned industry experts. Get firsthand insights, ask questions, and expand your crypto knowledge on CryptoXchange.""",0
"""Attention developers! Join the EtherAPI community and access a comprehensive suite of APIs for building and integrating blockchain applications. Power up your development now.""",1
"""Attention: Take advantage of our discounted trading fees by staking our native token. Embrace the benefits of loyalty and earn rewards on CryptoXchange.""",0
"""Get started with crypto lending! Earn interest on your idle assets through our lending platform.""",1
"""Attention: Level up your DeFi experience with DeFiBoost! Access higher yields, exclusive rewards, and personalized support. Boost your DeFi journey now.""",1
"""Withdrawal successful! Your funds have been securely transferred to your designated external wallet. Check the transaction details and continue exploring the possibilities with MetaWallet.""",0
"""Welcome to Avalanche! Verify your email address to unlock additional features and secure your account. Complete the email verification process now and stay in control of your funds and activities on the network.""",1
"""Make an impact! Participate in Aave's community surveys and provide feedback to shape the future of decentralized lending and borrowing.""",1
"""Attention: Verify your email address on IDEX to prevent unauthorized access to your account. Complete the email verification process and maintain control over your trading activities.""",1
"""Attention: Supercharge your Aave account by staking our native token. Enjoy reduced fees, enhanced rewards, and VIP perks within the Aave ecosystem.""",1
"""Congratulations! You have been upgraded to MetaWallet VIP status. Enjoy exclusive benefits, priority customer support, and access to premium features and services.""",0
"""Earn rewards by referring friends to Aave! Enjoy generous bonuses for each successful referral and join us in revolutionizing the lending landscape.""",1
"""Stay informed with Aave Insights, our exclusive newsletter. Get expert market analysis, the latest industry news, and exclusive offers delivered directly to your inbox.""",1
"""Discover new investment opportunities! Explore our curated list of upcoming Initial Coin Offerings (ICOs).""",1
"""Account security alert: Our system has detected a login attempt from a new device. To ensure the safety of your funds, please review and confirm this activity as soon as possible.""",0
"""Attention: Upgrade to MarketOptimizer Pro and gain access to advanced market analysis tools, real-time alerts, and personalized trading strategies. Optimize your trading performance now.""",1
"""Great news! You have received a cryptocurrency deposit in your Aave wallet. Check your balance and transaction history to monitor your digital assets.""",1
"""Account recovery reminder: Safeguard your TrustSwap account by securely storing your recovery phrase or backup code. These measures will help you regain access if needed.""",1
"""Secure your account on Terra by enabling biometric authentication. Use fingerprint or face recognition to enhance the security of your wallet and maintain control over your digital assets.""",1
"""Account recovery reminder: Safely store your Aave recovery phrase or backup code to ensure seamless access to your account in case of emergencies.""",1
"""Incoming transaction alert: You've just received a cryptocurrency payment! Check your BitTrade wallet to access the funds securely and effortlessly.""",0
"""Verify your password complexity on Voyager and protect your account from unauthorized access. Choose a strong password with a mix of upper and lowercase letters, numbers, and special characters.""",1
"""Coming soon: OpenSea's decentralized marketplace. Be part of the future of peer-to-peer NFT trading.""",0
"""Welcome to OpenSea! Start exploring our vast collection of unique digital assets and discover your next NFT.""",1
"""Secure your account with multi-factor authentication (MFA) for added peace of mind. Protect your CryptoXchange assets with an extra layer of security against unauthorized access.""",0
"""Calling all traders! Participate in our upcoming trading competition and demonstrate your skills. Compete against the best and stand a chance to win exclusive prizes on CryptoPro.""",0
"""Attention: Enhance your trading experience by completing the identity verification process. Unlock higher transaction limits and enjoy advanced trading features on BitTrade.""",0
"""Account activity alert: A suspicious login attempt was detected. Secure your account and change your password immediately.""",1
"""Action required: Complete your profile to unlock additional features and personalized recommendations.""",1
"""Withdrawal successful! Your funds have been securely transferred to your designated wallet. Check the transaction details and continue exploring DeFi with Aave.""",1
"""Account recovery reminder: Ensure you have your backup phrase or recovery code safely stored. These critical security measures will help you regain access to your CryptoXchange account if needed.""",0
"""Congratulations! You've been selected for exclusive early access to DeFiInsights. Stay updated with real-time market data, personalized insights, and expert analysis. Claim your access now!""",1
"""Welcome to Artify, the world's premier platform for blockchain-based art curation and investment. Explore a vibrant collection of verified NFT artworks, discover emerging artists, and invest in the future of digital art. Embrace the intersection of technology and creativity, support artists, and unlock the value of art in the web3 era.""",1
"""Stay ahead of the curve: Subscribe to our premium research reports for in-depth market analysis.""",1
"""Congratulations on your successful trade! Analyze your portfolio performance, set price alerts, and stay informed with real-time market data on MetaWallet.""",0
"""Welcome to NFTLend! Borrow against your NFT assets and unlock liquidity without selling. Experience the future of collateralized lending. Start borrowing now.""",1
"""Congratulations! You've successfully completed your first cryptocurrency trade on Coinbase.""",1
"""Warning: Your DAI balance is running low. Replenish your Aave account to continue accessing the benefits of decentralized lending and borrowing.""",1
"""Attention: Unlock advanced features and higher borrowing limits by completing the identity verification process on your Aave account.""",1
"""Attention traders: We're launching a new trading competition with a grand prize of [X] cryptocurrency. Join the excitement!""",1
"""Earn passive income with YieldFarmers! Stake your tokens in our liquidity pools and maximize your returns. Join our vibrant community of yield farmers today.""",1
"Message from a decentralized asset management platform: ""Efficiently manage your assets on our decentralized asset management platform. Diversify your portfolio, explore investment opportunities, and harness the power of decentralized finance. Take control of your financial destiny. #DecentralizedAssetManagement #FinancialFreedom""",0
"""Secure your account on Sushiswap by enabling email notifications for account activities. Stay informed about logins, withdrawals, and important security updates to protect your funds and maintain control.""",1
"Take control of your digital identity with our decentralized identity solution. Protect your personal information, control access to your data, and enjoy a secure online presence. Own your identity!",1
"""Warning: Your Bitcoin wallet balance is running low. Replenish your MetaWallet to continue accessing the potential of decentralized finance and global transactions.""",0
"Embark on unforgettable journeys with our blockchain travel platform. Discover unique destinations, book accommodations, and plan your dream trips. Let wanderlust guide you!",1
"""Explore groundbreaking projects with BitTrade ICO Launchpad! Discover carefully curated initial coin offerings and be an early participant in innovative blockchain ventures.""",0
"""Ready to explore decentralized finance (DeFi)? Discover the potential of yield farming, lending, and staking. Dive into the world of DeFi on CoinSpark and start earning passive income.""",0
"""Congratulations! You have been upgraded to Aave Pro, unlocking exclusive benefits, priority customer support, and advanced features for an enhanced experience.""",1
"""NFT rewards program: Earn exclusive tokens by participating in community activities and engaging with creators.""",0
"Unlock your potential with decentralized education! Our platform offers access to quality courses, certifications, and a vibrant community of learners. Learn at your own pace, showcase your achievements, and stay ahead in the digital age. Enroll now at [Platform URL]. #BlockchainEducation #LifelongLearning",0
"Make a difference in the world with our decentralized charity platform. Support impactful causes, donate securely, and track the impact of your contributions. Join a community of change-makers and create a positive impact. #DecentralizedCharity #GivingBack""",0
"Immerse yourself in the world of play-to-earn gaming. Join our decentralized gaming platform and experience thrilling gameplay while earning valuable rewards. Level up, trade virtual assets, and unleash your skills. Join the revolution of blockchain gaming now! #PlayToEarn #BlockchainGaming",0
"""Calling all collectors: OpenSea is introducing a 'Collector Score' system to recognize and reward active community members.""",0
"""Action required: Verify your identity to unlock higher transaction limits and access exclusive features.""",0
"""Unlock the potential of decentralized identity with IDChain! Securely manage your digital identity, protect your data, and regain control of your online presence. Take control of your identity today.""",1
"""Welcome to EtherSaver, where financial empowerment meets the blockchain revolution. Join our platform to discover a world of decentralized savings, investment, and wealth management opportunities. Take control of your financial future today and witness the power of secure, borderless transactions, and sustainable growth through our innovative decentralized finance solutions.""",1
"""Earn interest on your idle crypto assets. Explore our lending platform and start earning passive income while your digital assets work for you on CryptoXchange.""",0
"Send money globally with ease. Use our blockchain-based remittance service for fast, secure, and low-cost transactions. Empower financial inclusivity and bridge distances.",1
"Take control of your financial future with our decentralized finance (DeFi) protocol. Explore a range of investment opportunities, yield farming strategies, and liquidity provision options. Maximize your earnings now!",1
"""Attention traders: Join the BitTrade Trading Championship and compete for a chance to win exciting prizes. Showcase your skills and make your mark in the crypto world.""",0
"""Congratulations on your successful borrowing! Track your loan performance, manage repayments, and optimize your strategy with real-time data on Aave.""",1
"""Withdrawal successful! Your funds have been securely transferred to your designated wallet. Check the transaction details and continue exploring DeFi with Aave.""",1
"""Congratulations on successfully linking your bank account to Coinify! You now have the convenience of depositing and withdrawing funds directly to and from your preferred financial institution.""",0
"Message from a decentralized ride-sharing service: ""Say hello to a fairer and more transparent ride-sharing experience. Join our decentralized ride-sharing service, where drivers and passengers connect directly, removing intermediaries and reducing costs. Enjoy convenience, affordability, and community-driven mobility. #DecentralizedRideSharing #FairTransportation""",0
"""Welcome to MyCryptoWallet, where security meets convenience in the decentralized world. Our user-friendly wallet provides an intuitive interface, robust security measures, and seamless integration with leading blockchains. Take control of your digital assets, manage your portfolio effortlessly, and experience the peace of mind that comes with true ownership.""",1
"""Stay ahead of the market with real-time analytics on Aave. Access comprehensive charts, data insights, and advanced tools for informed decision-making.""",1
"""Discover the potential of yield farming and liquidity provision. Explore our DeFi ecosystem and start earning attractive rewards on CryptoXchange.""",0
"""Stay informed with MetaWallet Insights, our premium newsletter. Gain expert market analysis, industry news, and exclusive offers delivered directly to your inbox.""",0
"""Discover the potential of decentralized finance (DeFi). Dive into CryptoPro's DeFi ecosystem and start earning attractive rewards through yield farming, lending, and staking.""",0
"""Attention artists and collectors! Join the ArtExchange community and trade, buy, and sell NFT art from renowned artists. Dive into the world of digital art now.""",1
"üõçÔ∏è Discover a new way to shop! Our decentralized marketplace connects buyers and sellers directly, eliminating intermediaries and reducing costs. Enjoy a wide selection of products, secure transactions, and support innovative creators. Join the decentralized shopping revolution today and start shopping with crypto: [Marketplace URL] üåü #DecentralizedMarketplace #ShopWithCrypto",0
"""Secure your CryptoPro account with a robust password. Regularly update it and avoid sharing it with others to safeguard your valuable digital assets from unauthorized access.""",0
"""Attention: Dive into the world of decentralized finance with DeFiDiver. Access a wide range of decentralized lending and borrowing protocols, explore yield farming opportunities, and optimize your capital allocation strategies. Let our platform be your compass in navigating the ever-expanding DeFi ecosystem and unleash your full financial potential.""",1
"""Your Bitcoin purchase is complete! View transaction details in your Coinbase account.""",1
"""Welcome to BitTrade! We're thrilled to have you join our trusted community. Verify your email address to unlock seamless trading and secure your spot in the world of cryptocurrencies.""",0
"""Welcome to TokenTrailblazer, your comprehensive guide to navigating the web3 landscape. Stay ahead of the curve with our in-depth market analysis, expert insights, and educational resources. Whether you're a seasoned crypto enthusiast or a curious beginner, embark on a transformative journey with us and become a trailblazer in the new era of decentralized finance.""",1
"""Withdrawal successful! Your funds have been securely transferred to your designated external wallet. Check the transaction details and continue exploring the world of cryptocurrencies.""",0
"""Unlock the untapped potential of decentralized governance with GovChain. Our platform empowers communities and organizations to make collective decisions, shape policies, and drive meaningful change. Join our vibrant ecosystem of active participants, express your voice, and shape the future you envision. Together, let's revolutionize governance and create a more inclusive world.""",1
"""Stay up to date with the latest NFT trends: Follow our blog for in-depth articles and interviews with industry leaders.""",0
"""Congratulations! You've successfully linked your bank account to Coinbase.""",1
"""Expand your crypto knowledge with MetaWallet Academy. Access comprehensive educational resources, tutorials, and expert insights to become a savvy blockchain enthusiast.""",0
"""Account security alert: A suspicious login attempt was detected. Take immediate action to secure your account by enabling MFA and reviewing your recent activity.""",0
"Manage your assets efficiently on our decentralized asset management platform. Diversify your portfolio, explore investment opportunities, and stay informed about market trends. Take control of your financial future!",1
"Connect with a diverse community of like-minded individuals on our blockchain-based social network. Share your thoughts, engage in meaningful conversations, and build valuable connections. Join the conversation now!",1
Protect your online privacy and data with our decentralized privacy solution. Take control of your personal information and guard against surveillance and data breaches. Secure your digital footprint and embrace the power of privacy. #DecentralizedPrivacy #DataProtection,0
"""Attention: Leverage the power of loyalty. Stake our native token on CryptoPro to unlock discounted trading fees and access a range of exclusive rewards and benefits.""",0
"""Attention: Supercharge your TrustSwap experience by staking our native token. Unlock discounted fees, enhanced rewards, and VIP privileges within the TrustSwap ecosystem.""",1
"""Congratulations on your recent Bitcoin purchase! Dive into the world of decentralized finance and explore the various opportunities awaiting you on CryptoXchange.""",0
"""Congratulations on becoming a member of GameChain, the blockchain-powered gaming ecosystem. Discover immersive gaming experiences, trade in-game assets securely, and participate in play-to-earn opportunities. Join a vibrant community of gamers and blockchain enthusiasts, and shape the future of gaming through blockchain technology.""",1
"Discover unique products and support independent sellers on our decentralized marketplace. From handcrafted goods to cutting-edge innovations, find something special while empowering creators. Explore the world of decentralized commerce today! #DecentralizedMarketplace #SupportLocalArtists",0
"""Account recovery reminder: Safely store your Aave recovery phrase or backup code to ensure seamless access to your account in case of emergencies.""",1
"""Congratulations on your successful Bitcoin purchase! Stay up-to-date with market trends and monitor your portfolio performance directly on the BitTrade platform.""",0
"""Be an early adopter! Explore our carefully curated selection of promising Initial Coin Offerings (ICOs) and secure your position in innovative projects on CryptoPro.""",0
"""Calling all traders! Participate in the MetaWallet trading competition and showcase your skills to win exclusive prizes. Let your trading prowess shine!""",0
"""Attention creators: OpenSea is hosting a live AMA (Ask Me Anything) session with industry experts. Don't miss out!""",0
"""Welcome to NFTVisionary, where art, culture, and blockchain converge. Immerse yourself in a digital gallery showcasing the most exceptional and thought-provoking NFT creations from visionary artists around the world. Collect, trade, and engage with rare digital art that transcends boundaries, unlocking new dimensions of self-expression and creativity.""",1
"""Congratulations! Your NFT sale was successful. Withdraw your earnings to your connected wallet.""",0
"Experience a new level of convenience and reliability with our decentralized ride-sharing service. Enjoy seamless rides, fair pricing, and support a community-driven transportation system. Get on board now!",1
"""Your feedback matters! Participate in our user survey and stand a chance to win exclusive rewards.""",1
"""Important notice: Changes to our terms of service. Review and accept the updated terms to continue using Coinbase.""",1
"""Secure your account on Polkadot by enabling session management. Control the duration of your login sessions and automatically log out after a specified period of inactivity.""",1
"Say goodbye to centralized data storage! Our decentralized cloud storage platform offers secure, private, and censorship-resistant storage solutions. Store your files with confidence and take back control of your data. Experience true data sovereignty at [Platform URL]. #DecentralizedStorage #Privacy",0
"""Congratulations! You have been upgraded to TrustSwap Pro status. Enjoy exclusive benefits, priority customer support, and access to advanced trading features.""",1
"""Verify your password strength on BlockFi to ensure maximum security for your account. Evaluate the strength of your password and make necessary updates to protect your valuable cryptocurrencies.""",1
"Immerse yourself in a world of music on our decentralized streaming platform. Explore a vast library of artists, discover new tracks, and support independent musicians. Let the rhythm move you!",1
"""Stay ahead of the market with MetaWallet's real-time insights. Access advanced charts, technical analysis tools, and up-to-date data to make informed trading decisions.""",0
"Unlock the potential of real estate on the blockchain! Our platform allows fractional ownership, seamless transactions, and transparent property records. Invest in properties globally and diversify your portfolio. Discover the future of real estate at [Platform URL]. #RealEstate #BlockchainInvesting",0
"""New feature alert: OpenSea now supports interactive and dynamic NFTs. Explore the next level of digital art!""",0
"""Join the movement toward a greener future on our blockchain-based sustainability platform. Discover eco-friendly initiatives, offset your carbon footprint, and contribute to a more sustainable world. Together, we can make a positive impact. #Sustainability #BlockchainForGood""",0
"""Scheduled maintenance notice: Aave will undergo system upgrades to improve performance and introduce exciting new features. Temporary service disruptions may occur.""",1
"""Attention: Protect your Aave account with a strong and unique password. Avoid using common phrases or personal information and choose a password that can't be easily guessed. Secure your assets with a robust password.""",1
"""Attention developers! Join the NFTKit community and access a comprehensive suite of tools and resources for building, minting, and managing NFTs. Take your projects to the next level.""",1
"""Celebrate your journey into the world of crypto with CryptoXchange! Complete your profile and earn a special badge that showcases your commitment to digital finance.""",0
"""Unlock rewards by referring friends to MetaWallet! Earn generous bonuses for every successful referral and join us in shaping the future of digital finance.""",0
"""Congratulations on becoming a member of YieldFarmX, the ultimate yield farming consortium. Amplify your rewards, mitigate risks, and optimize your yield farming strategies through our intuitive platform. Join forces with a community of savvy farmers, harness the power of collective knowledge, and cultivate your financial growth like never before.""",1
"""Congratulations on being selected for early access to DAppPioneer, the hub of innovative decentralized applications. Discover groundbreaking projects, engage with visionary teams, and contribute to the evolution of the web3 ecosystem. Be at the forefront of technological advancements and shape the decentralized future. Embrace your role as a pioneer now.""",1
"""Account security alert: We have detected a suspicious login attempt on your Aave account. Verify this activity promptly to protect your funds and personal information.""",1
"""Discover the world of decentralized finance (DeFi) on BitTrade! From lending and borrowing to yield farming, explore innovative ways to grow your crypto assets.""",0
"""Congratulations on your successful trade! Track your portfolio's performance, analyze market trends, and set customized alerts to make the most of your CryptoXchange experience.""",0
"""Get in on the ground floor! Explore our curated selection of promising Initial Coin Offerings (ICOs) and early-stage token sales on CryptoXchange.""",0
"""Experience frictionless trading with MetaWallet's one-click functionality. Buy, sell, and exchange cryptocurrencies instantly, all within the convenience of your wallet.""",0
"""Congratulations on joining the decentralized revolution with PancakeSwap! Protect your account by regularly updating your password and enabling 2FA. Stay in control of your assets and trade with confidence.""",1
"""Great news! You have received a cryptocurrency payment. Check your CryptoPro wallet to view the incoming transaction and embrace the freedom of digital transactions.""",0
"""Congratulations on becoming a member of Kyber Network! Enable multi-factor authentication (MFA) to add an extra layer of security to your account. Safeguard your assets and enjoy seamless token swaps.""",1
"""Welcome to KuCoin! Verify your mobile number to enhance the security of your account. Stay informed about important account activities and ensure the safety of your digital assets.""",1
"""Make an impact! Share your valuable feedback through MetaWallet's community surveys. Help shape the future of the platform and influence the development of new features and services.""",0
"""Be an early investor in groundbreaking projects with Aave Launchpool. Discover and participate in token sales of innovative blockchain ventures.""",1
"""Make your crypto work for you! Explore CryptoPro's lending platform and earn passive income by lending your idle crypto assets to other users in a secure and efficient manner.""",0
"""Earn passive income by referring your friends to CryptoXchange. Enjoy a generous commission for every successful referral, and together, let's shape the future of finance.""",0
"""Introducing OpenSea Discover: Get personalized recommendations based on your interests and previous collections.""",0
"Message from a blockchain-based voting system: ""Ensure the integrity of elections with our blockchain-based voting system. Verify and safeguard votes, prevent tampering, and enhance trust in the democratic process. Embrace a new era of transparent and secure voting. #BlockchainVoting #Democracy""",0
"""Experience the ease of one-click trading. Save time and effort by setting up Quick Buy/Sell options for your preferred cryptocurrencies on CryptoXchange.""",0
"""Experience the future of decentralized social networking with DAppConnect! Connect with like-minded individuals, share content, and earn rewards for your contributions. Join the community today!""",1
"""Calling all traders! Join our upcoming trading competition for a chance to win exclusive rewards. Showcase your skills, compete against fellow enthusiasts, and elevate your trading game.""",0
"""Unlock rewards by referring friends to TrustSwap! Earn generous incentives for every successful referral and join us in revolutionizing the world of token swaps.""",1
"""Scheduled maintenance alert: CryptoPro will undergo essential system upgrades to optimize performance and introduce exciting new features. Temporary service disruptions may occur during this period.""",0
"""Attention: Your Ethereum wallet balance is running low. Consider making a deposit to avoid disruptions.""",1
"Unlock new knowledge and skills on our blockchain-based education platform. Access high-quality courses, collaborate with experts, and earn verifiable certifications. Expand your horizons and invest in your personal growth!",1
"""Maximize your crypto assets with Aave Yield Farming. Stake your tokens, earn lucrative yields, and contribute to the growth of decentralized finance.""",1
üî• Attention crypto enthusiasts! Our DEX just reached a significant milestone of $1 billion in total trading volume! üéâ Join the revolution of peer-to-peer trading with our fast and secure platform. Experience seamless transactions and access a wide range of tokens. Trade with confidence and make your mark in the world of decentralized finance: [DEX URL] üåç #CryptoTrading #Decentralization,0
"""Attention: Enable withdrawal whitelist on your Gate.io account to enhance the security of your funds. Whitelist your withdrawal addresses and ensure that only authorized destinations can receive your assets.""",1
"""Welcome to Gnosis Safe, the secure and user-friendly multi-signature wallet! Protect your assets by enabling hardware wallet integration and enjoy the utmost security for your crypto holdings.""",1
Protect your assets and maximize your earnings on our decentralized lending platform. Take advantage of our competitive interest rates and secure lending options. Secure your financial future today!,1
"""Experience seamless cross-chain transactions with InterConnect! Transfer assets between different blockchains with ease and unlock the full potential of interoperability. Connect your chains now.""",1
"Connect with like-minded individuals on our decentralized social media platform. Share your thoughts, engage in meaningful discussions, and build a community around your interests. Join the conversation!",1
"""Warning: Your Ethereum wallet balance is approaching zero. Top up your account to continue exploring the decentralized world of blockchain applications.""",0
"Discover new career opportunities in the decentralized job market. Connect with innovative projects, collaborate with like-minded professionals, and contribute to groundbreaking initiatives. Find purpose and embrace a future of decentralized work. #DecentralizedJobs #CareerOpportunities",0
"""Congratulations on joining the LendChain ecosystem, where lending meets the blockchain revolution. Discover a world of decentralized lending and borrowing options, optimized interest rates, and secure collateralization. Seamlessly access liquidity, grow your assets, and participate in a community-driven lending ecosystem that transcends borders and empowers financial freedom.""",1
"""Account security alert: We have detected a suspicious login attempt. Take immediate action to secure your CryptoPro account by enabling 2FA and reviewing your recent activity.""",0
"""Attention: Power up your trading prowess with TokenMaster Pro. Our advanced trading terminal provides real-time market insights, comprehensive charting tools, customizable indicators, and cutting-edge risk management features. Gain a competitive edge, execute trades with confidence, and unlock your true trading potential in the ever-evolving web3 ecosystem.""",1
"""Exciting news! Connect your Aave account to Wyre for seamless fiat-to-crypto conversions. Enjoy instant access to a variety of cryptocurrencies with ease.""",1
"Discover new career opportunities on our blockchain-based job marketplace. Connect with innovative companies, showcase your skills, and unlock professional growth. Your dream job awaits!",1
"""Earn rewards by referring friends to Aave! Enjoy generous bonuses for each successful referral and join us in revolutionizing the lending landscape.""",1
"""Congratulations on becoming a part of the decentralized storage network Filecoin! Enable two-factor authentication (2FA) to protect your account and data from unauthorized access. Embrace secure and private storage.""",1
Make your voice heard and participate in our decentralized voting platform. Contribute to important decision-making processes and help shape the future of our community. Your opinion matters!,1
"""Congratulations on your successful borrowing! Track your loan performance, manage repayments, and optimize your strategy with real-time data on Aave.""",1
"""Join the CryptoPro community celebration! Complete your profile to earn a special badge that showcases your dedication to the world of digital finance.""",0
"""Scheduled platform maintenance: BitTrade will undergo essential upgrades to provide you with an even better trading experience. Expect temporary service interruptions during this period.""",0
"Protect your assets with decentralized insurance! Our protocol provides coverage against smart contract failures, hacks, and more. Say goodbye to centralized insurers and embrace a trustless and transparent insurance solution. Secure your future at [Platform URL]. #DecentralizedInsurance #Security",0
"""Congratulations on your successful trade! Monitor your portfolio performance, set custom alerts, and stay up to date with real-time market data on TrustSwap.""",1
"Expand your knowledge and skills on our decentralized education platform. Access courses, tutorials, and resources from experts in various fields. Invest in your lifelong learning journey.",1
"""Attention: Supercharge your Aave account by staking our native token. Enjoy reduced fees, enhanced rewards, and VIP perks within the Aave ecosystem.""",1
"""Be a part of shaping the future of CryptoPro. Participate in community surveys and provide your valuable feedback to influence the development of new features and services.""",0
"""Exclusive access: Join our VIP program for early access to high-demand NFT drops and private sales.""",0
"""Immerse yourself in the world of NFTs with TrustSwap Marketplace. Discover and collect unique digital assets, artwork, and collectibles with the convenience of your TrustSwap account.""",1
"""Attention: Enable transaction alerts on Loopring to receive notifications about your account activities. Stay informed, detect any unusual transactions, and maintain control over your trading activities.""",1
"""Diversify your portfolio: Discover our selection of altcoins and explore new investment opportunities.""",1
"""Exciting announcement! Connect your TrustSwap account to Ramp for instant fiat-to-crypto conversions. Easily access a variety of cryptocurrencies with just a few clicks.""",1
"""Attention: Enable session expiration on your Bitfinex account to automatically log out after a period of inactivity. Protect your account from unauthorized access and ensure the safety of your assets.""",1
"""Scheduled maintenance notice: TrustSwap will undergo system upgrades to provide an even better trading experience. Temporary service disruptions may occur during this time.""",1
"""Withdrawal complete! Your funds have been successfully transferred to your designated external wallet. Check the transaction details and keep embracing the world of cryptocurrencies.""",0
"Discover exciting career opportunities on our decentralized job marketplace. Connect with innovative projects, showcase your skills, and seize new professional prospects. Take your career to the next level!",1
"""Make an impact! Participate in Aave's community surveys and provide feedback to shape the future of decentralized lending and borrowing.""",1
"Level up your gaming experience on our decentralized gaming platform. Immerse yourself in immersive gameplay, compete with players worldwide, and earn valuable rewards. Unleash your skills and dominate the leaderboard!",1
"""Attention: Activate two-factor authentication (2FA) on Bitstamp to add an extra layer of security to your account. Protect your funds with this industry-standard security measure and enjoy peace of mind.""",1
"""OpenSea Charity Auction: Bid on unique NFTs from renowned artists and support a worthy cause.""",0
"""Welcome to DexPay, the all-in-one payment solution for the decentralized world. Seamlessly accept and process cryptocurrency payments, enjoy instant settlements, and tap into a global market of digital currency users. Empower your business with borderless transactions, eliminate intermediaries, and embrace the future of commerce.""",1
"""Don't miss out on potential trading opportunities! Activate price alerts for your favorite cryptocurrencies and receive real-time notifications when they reach your desired price points.""",0
"""Secure your account on QuickSwap by enabling withdrawal confirmation. Confirm your withdrawals via email or SMS and add an extra layer of protection to your funds.""",1
"""Congratulations! Your first cryptocurrency trade on Coinify is complete. Keep track of your portfolio's performance, analyze charts, and set alerts to stay on top of the market.""",0
"""Become a verified creator on OpenSea: Gain credibility and trust with your audience by getting your profile verified.""",0
Support innovative projects and contribute to groundbreaking ideas on our decentralized crowdfunding platform. Help turn dreams into reality and be part of a community that fuels innovation. Make a difference now!,1
"Discover unique products and support independent sellers on our decentralized marketplace. Browse through a wide range of items, find hidden gems, and contribute to a thriving decentralized economy. Start exploring today!",1
"""Discover the power of flash loans with Aave. Access instant liquidity and seize unique arbitrage opportunities in the ever-evolving DeFi ecosystem.""",1
"""Warning: Your Ethereum wallet balance is running low. Keep your DeFi journey uninterrupted by making a deposit and exploring exciting decentralized applications on BitTrade.""",0
"""Stay informed and stay ahead of the curve. Subscribe to our premium newsletter and receive expert insights, market analysis, and exclusive offers directly in your inbox.""",0
"Transform democracy with blockchain voting! Our platform provides secure, tamper-proof, and transparent voting solutions. Empower citizens, enhance trust, and strengthen the democratic process. Exercise your right to vote at [Platform URL]. #BlockchainVoting #TransparentDemocracy",0
"""Warning: Your Ethereum wallet balance is running low. Replenish your TrustSwap account to continue exploring the potential of decentralized finance and token swaps.""",1
"""Verify your identity on Gemini and unlock higher deposit and withdrawal limits. Complete the verification process to enjoy seamless trading and increased access to the world of cryptocurrencies.""",1
"""Unlock hidden treasures: Dive into our 'Rarities' section and discover the most unique and valuable NFTs.""",0
"""Exciting update! Connect your MetaWallet to MoonPay for seamless fiat-to-crypto transactions. Enjoy instant access to a wide range of cryptocurrencies with ease.""",0
"""Attention: Step into the world of decentralized insurance with InsureChain. Safeguard your digital assets, protect against smart contract vulnerabilities, and mitigate risks in the ever-evolving web3 ecosystem. Empower yourself with comprehensive coverage, transparent claims processes, and peace of mind. Ensure your future in the decentralized era.""",1
"""Important notice: Coinify will undergo scheduled maintenance this weekend to optimize performance and implement exciting new features. We appreciate your patience during this time.""",0
"""Experience seamless lending with Aave's user-friendly interface. Easily lend and borrow cryptocurrencies with just a few clicks on the Aave platform.""",1
"""Account security alert: We have detected a suspicious login attempt on your MetaWallet. Take immediate action to secure your account and prevent unauthorized access.""",0
"""Attention: Supercharge your yield farming on YieldOptimizer! Optimize your farming strategy, maximize your rewards, and take control of your DeFi journey. Boost your yields today.""",1
"""Warning: Your DAI balance is running low. Replenish your Aave account to continue accessing the benefits of decentralized lending and borrowing.""",1
"""Don't miss out on market opportunities. Set personalized price alerts for your favorite cryptocurrencies on CryptoPro and receive instant notifications when they hit your target prices.""",0
"""Congratulations on your recent token swap via UniSwap! Dive into the thriving ecosystem of decentralized finance with your TrustSwap account.""",1
"""Enhance your profile: Customize your OpenSea profile with unique backgrounds and personalized details.""",0
"""Exciting news: Coinbase is expanding to new regions. Stay tuned for updates on local availability.""",1
"""Your NFT listing has received an offer! Review and respond to potential buyers through your OpenSea account.""",0
"""Maximize your crypto assets with Aave Yield Farming. Stake your tokens, earn lucrative yields, and contribute to the growth of decentralized finance.""",1
"""New device detected. Confirm this login activity to ensure the security of your account.""",1
"""Stay informed with Aave Insights, our exclusive newsletter. Get expert market analysis, the latest industry news, and exclusive offers delivered directly to your inbox.""",1
"Make a difference in the world. Support impactful causes on our blockchain-based charity platform. Donate securely and empower positive change. Together, we can create a better future.",1
"""Secure your Kraken account with biometric authentication. Enable fingerprint or face recognition to ensure that only you can access your account. Embrace cutting-edge security measures and protect your funds.""",1
"""Stay ahead of the market with TrustSwap's real-time analytics. Access advanced charts, technical analysis tools, and comprehensive data to make informed trading decisions.""",1
"""Expand your knowledge: Dive into our educational resources, tutorials, and guides. Master the intricacies of blockchain technology and become a savvy crypto investor.""",0
"""Attention: Enable withdrawal whitelist on your OKEx account to enhance the security of your funds. Whitelist your withdrawal addresses and ensure that only authorized destinations can receive your assets.""",1
"""Discover the power of NFTs! Explore our marketplace for unique digital collectibles and rare artworks.""",1
"""Verify your email address on Bancor to unlock additional features and enhance the security of your account. Complete the email verification process now and stay in control of your funds and trading activities.""",1
Make a difference with blockchain! Our platform leverages the power of transparency and smart contracts to ensure your donations reach the intended beneficiaries. Support impactful projects and create positive change. Start giving with confidence at [Platform URL]. #BlockchainForGood #Charity,0
"""Fortify your account security by setting up a robust password. Regularly updating it and avoiding reuse across platforms will help safeguard your assets from unauthorized access.""",0
Protect your privacy and account. Enable two-factor authentication (2FA) to add an extra layer of security. Join our community and connect securely with like-minded individuals.,1
"""Unlock the power of DeFi! Explore our decentralized finance offerings and start earning passive income.""",1
"""Stay ahead of the game with real-time market insights on CryptoPro. Dive into advanced charts, technical analysis tools, and comprehensive data to make informed trading decisions.""",0
"""Calling all lenders and borrowers! Participate in Aave's lending competition and showcase your skills to win exclusive rewards. Let your expertise shine!""",1
"""Attention: Join the QuantumMining revolution and unlock the power of decentralized computing. Our distributed network leverages idle computational resources, enabling you to passively earn rewards while contributing to groundbreaking scientific research and technological advancements. Embrace the future of computing and become a quantum miner today.""",1
"""Action required: Verify your identity to increase your transaction limits.""",1
